{
  "train_samples": 439,
  "val_samples": 109,
  "T": 30,
  "F": 526,
  "num_classes": 30,
  "best_epoch": 21,
  "best_val_f1": 0.7848941798941799,
  "best_val_top3_calibrated": 0.9357798165137615,
  "best_val_f1_calibrated": 0.7848941798941799,
  "temperature": 0.9005638360977173,
  "acceptance": {
    "global_conf": 0.7,
    "global_margin": 0.25,
    "class_conf": [
      0.800000011920929,
      0.699999988079071,
      0.6694433689117432,
      0.6299999952316284,
      0.699999988079071,
      0.699999988079071,
      0.800000011920929,
      0.6299999952316284,
      0.6299999952316284,
      0.7008652091026306,
      0.699999988079071,
      0.6299999952316284,
      0.668765127658844,
      0.800000011920929,
      0.800000011920929,
      0.800000011920929,
      0.800000011920929,
      0.7929286360740662,
      0.6299999952316284,
      0.7976760864257812,
      0.699999988079071,
      0.699999988079071,
      0.699999988079071,
      0.699999988079071,
      0.699999988079071,
      0.800000011920929,
      0.699999988079071,
      0.699999988079071,
      0.699999988079071,
      0.800000011920929
    ],
    "class_margin": [
      0.3499999940395355,
      0.25,
      0.3499999940395355,
      0.3499999940395355,
      0.25,
      0.25,
      0.3499999940395355,
      0.3499999940395355,
      0.21250000596046448,
      0.3499999940395355,
      0.25,
      0.21250000596046448,
      0.3499999940395355,
      0.3499999940395355,
      0.3499999940395355,
      0.3499999940395355,
      0.3499999940395355,
      0.3499999940395355,
      0.3499999940395355,
      0.3499999940395355,
      0.25,
      0.25,
      0.25,
      0.25,
      0.25,
      0.3499999940395355,
      0.25,
      0.25,
      0.25,
      0.3499999940395355
    ],
    "tp_total": 87,
    "fp_total": 22
  },
  "preprocess": {
    "ema_alpha": 0.65,
    "enable_ema": true,
    "enable_delta": true,
    "per_frame_rms_norm": true,
    "per_sequence_zscore": true,
    "clip_value": 6.0,
    "eps": 1e-05
  },
  "class_counts": [
    17,
    17,
    16,
    16,
    17,
    17,
    17,
    16,
    16,
    17,
    16,
    16,
    14,
    17,
    16,
    16,
    17,
    16,
    16,
    18,
    11,
    11,
    11,
    12,
    11,
    11,
    11,
    11,
    11,
    11
  ],
  "class_weights": [
    0.8817769885063171,
    0.8817769885063171,
    0.9200025200843811,
    0.9200025200843811,
    0.8817769885063171,
    0.8817769885063171,
    0.8817769885063171,
    0.9200025200843811,
    0.9200025200843811,
    0.8817769885063171,
    0.9200025200843811,
    0.9200025200843811,
    1.0101442337036133,
    0.8817769885063171,
    0.9200025200843811,
    0.9200025200843811,
    0.8817769885063171,
    0.9200025200843811,
    0.9200025200843811,
    0.8471928238868713,
    1.195909023284912,
    1.195909023284912,
    1.195909023284912,
    1.1252424716949463,
    1.195909023284912,
    1.195909023284912,
    1.195909023284912,
    1.195909023284912,
    1.195909023284912,
    1.195909023284912
  ],
  "analysis_json": "C:\\Users\\subash\\projects\\collage\\reports\\train_lstm_include30_analysis.json",
  "history": [
    {
      "epoch": 1,
      "train_loss": 3.269386112689972,
      "train_acc": 0.1366742596810934,
      "train_top3": 0.2528473804100228,
      "train_f1": 0.08426333327898143,
      "val_loss": 3.1749630996159146,
      "val_acc": 0.14678899082568808,
      "val_top3": 0.29357798165137616,
      "val_f1": 0.09338217338217338,
      "val_dom_ratio": 0.28440366972477066,
      "val_pred_label_count": 18
    },
    {
      "epoch": 2,
      "train_loss": 2.726546142782484,
      "train_acc": 0.275626423690205,
      "train_top3": 0.47380410022779046,
      "train_f1": 0.20378948134446,
      "val_loss": 2.7781316893441335,
      "val_acc": 0.3119266055045872,
      "val_top3": 0.44954128440366975,
      "val_f1": 0.22945554445554445,
      "val_dom_ratio": 0.1651376146788991,
      "val_pred_label_count": 18
    },
    {
      "epoch": 3,
      "train_loss": 2.3913335970469882,
      "train_acc": 0.3621867881548975,
      "train_top3": 0.6036446469248291,
      "train_f1": 0.34531809926904056,
      "val_loss": 2.4433984756469727,
      "val_acc": 0.3486238532110092,
      "val_top3": 0.5137614678899083,
      "val_f1": 0.31066802478567185,
      "val_dom_ratio": 0.11926605504587157,
      "val_pred_label_count": 26
    },
    {
      "epoch": 4,
      "train_loss": 1.9903986879757471,
      "train_acc": 0.5193621867881549,
      "train_top3": 0.7107061503416856,
      "train_f1": 0.5059441940014425,
      "val_loss": 2.312369499887739,
      "val_acc": 0.43119266055045874,
      "val_top3": 0.6605504587155964,
      "val_f1": 0.39922287052721833,
      "val_dom_ratio": 0.1743119266055046,
      "val_pred_label_count": 28
    },
    {
      "epoch": 5,
      "train_loss": 1.840745027576174,
      "train_acc": 0.5626423690205011,
      "train_top3": 0.7744874715261959,
      "train_f1": 0.5234733502909265,
      "val_loss": 2.0365645544869557,
      "val_acc": 0.5137614678899083,
      "val_top3": 0.6972477064220184,
      "val_f1": 0.4831109631109632,
      "val_dom_ratio": 0.09174311926605505,
      "val_pred_label_count": 26
    },
    {
      "epoch": 6,
      "train_loss": 1.4945483207702637,
      "train_acc": 0.6719817767653758,
      "train_top3": 0.8701594533029613,
      "train_f1": 0.6471034944898674,
      "val_loss": 1.8672315393175398,
      "val_acc": 0.5045871559633027,
      "val_top3": 0.7339449541284404,
      "val_f1": 0.4708249158249158,
      "val_dom_ratio": 0.07339449541284404,
      "val_pred_label_count": 28
    },
    {
      "epoch": 7,
      "train_loss": 1.3493908728872026,
      "train_acc": 0.715261958997722,
      "train_top3": 0.8929384965831435,
      "train_f1": 0.6851855538101983,
      "val_loss": 1.7893790006637573,
      "val_acc": 0.5963302752293578,
      "val_top3": 0.8073394495412844,
      "val_f1": 0.5514357864357865,
      "val_dom_ratio": 0.12844036697247707,
      "val_pred_label_count": 26
    },
    {
      "epoch": 8,
      "train_loss": 1.178008986370904,
      "train_acc": 0.765375854214123,
      "train_top3": 0.9407744874715261,
      "train_f1": 0.7437295348852193,
      "val_loss": 1.6395514522280012,
      "val_acc": 0.5963302752293578,
      "val_top3": 0.8073394495412844,
      "val_f1": 0.5632730232730233,
      "val_dom_ratio": 0.08256880733944955,
      "val_pred_label_count": 27
    },
    {
      "epoch": 9,
      "train_loss": 1.0187514126300812,
      "train_acc": 0.8496583143507973,
      "train_top3": 0.9681093394077449,
      "train_f1": 0.846696418547987,
      "val_loss": 1.5694056068147932,
      "val_acc": 0.6330275229357798,
      "val_top3": 0.8256880733944955,
      "val_f1": 0.6013852813852814,
      "val_dom_ratio": 0.07339449541284404,
      "val_pred_label_count": 28
    },
    {
      "epoch": 10,
      "train_loss": 0.8783600819962365,
      "train_acc": 0.8587699316628702,
      "train_top3": 0.9681093394077449,
      "train_f1": 0.8425821349490158,
      "val_loss": 1.443637796810695,
      "val_acc": 0.6422018348623854,
      "val_top3": 0.8440366972477065,
      "val_f1": 0.6028932178932179,
      "val_dom_ratio": 0.06422018348623854,
      "val_pred_label_count": 29
    },
    {
      "epoch": 11,
      "train_loss": 0.7945179023912975,
      "train_acc": 0.8997722095671982,
      "train_top3": 0.9840546697038725,
      "train_f1": 0.9027500342945134,
      "val_loss": 1.3727157626833235,
      "val_acc": 0.6788990825688074,
      "val_top3": 0.8440366972477065,
      "val_f1": 0.6502982202982203,
      "val_dom_ratio": 0.07339449541284404,
      "val_pred_label_count": 29
    },
    {
      "epoch": 12,
      "train_loss": 0.753742692725999,
      "train_acc": 0.8997722095671982,
      "train_top3": 0.9954441913439636,
      "train_f1": 0.8985868430938191,
      "val_loss": 1.3203289083072118,
      "val_acc": 0.7155963302752294,
      "val_top3": 0.8807339449541285,